id,timestamp,temperature,mq135_ppm,mq4_ppm,water_level,flow_rate,risk_level,warmed_up
1,2025-12-10 14:56:22.515955+00,11.42,629.77,1.06,0,0,0,false
2,2025-12-10 14:56:23.524177+00,11.59,630.36,1.06,0,0,0,false
3,2025-12-10 14:56:24.586169+00,11.68,628.3,1.06,0,0,0,false
4,2025-12-10 14:56:25.647923+00,10.97,628.26,1.06,0,0,0,false
5,2025-12-10 14:56:26.733584+00,11.45,629.35,1.06,0,0,0,false
6,2025-12-10 14:56:28.052381+00,11.87,628.71,1.06,0,0,0,false
7,2025-12-10 14:56:28.910577+00,11,630.76,1.06,0,0,0,false
8,2025-12-10 14:56:29.917631+00,11.74,627.92,1.06,0,0,0,false
9,2025-12-10 14:56:31.621671+00,11.51,629.07,1.06,0,0,0,false
10,2025-12-10 14:56:32.057532+00,11.23,628.42,1.06,0,0,0,false
11,2025-12-10 14:56:33.163185+00,11.63,627.95,1.06,0,0,0,false
12,2025-12-10 14:56:34.183514+00,11.43,628.11,1.06,0,0,0,false
13,2025-12-10 14:56:35.24154+00,11.41,627.35,1.06,0,0,0,false
14,2025-12-10 14:56:36.373246+00,11.33,628.72,1.06,0,0,0,false
15,2025-12-10 14:56:37.389255+00,11.38,628.4,1.06,0,0,0,false
16,2025-12-10 14:56:38.439356+00,11.56,628.14,1.06,0,0,0,false
17,2025-12-10 14:56:39.501438+00,11.69,627.73,1.06,0,0,0,false
18,2025-12-10 14:56:40.616447+00,11.17,626.51,1.06,0,0,0,false
19,2025-12-10 14:56:41.64613+00,11.1,626.31,1.06,0,0,0,false
20,2025-12-10 14:56:42.794713+00,11.6,626.02,1.06,0,0,0,false
21,2025-12-10 14:56:43.762502+00,11.34,624.86,1.06,0,0,0,false
22,2025-12-10 14:56:45.127512+00,10.9,626.02,1.06,0,0,0,false
23,2025-12-10 14:56:45.928119+00,11.29,625.35,1.06,0,0,0,false
24,2025-12-10 14:56:46.965385+00,11.58,626.27,1.06,0,0,0,false
25,2025-12-10 14:56:48.03245+00,10.97,626.9,1.06,0,0,0,false
26,2025-12-10 14:56:49.119135+00,11.18,626.1,1.06,0,0,0,false
27,2025-12-10 14:56:50.200619+00,11.11,625.07,1.06,0,0,0,false
28,2025-12-10 14:56:51.219767+00,11.71,625.08,1.06,0,0,0,false
29,2025-12-10 14:56:52.288087+00,11.25,626.44,1.06,0,0,0,false
30,2025-12-10 14:56:53.471127+00,11.87,625.98,1.06,0,0,0,false
31,2025-12-10 14:56:54.448275+00,11.92,625.77,1.06,0,0,0,false
32,2025-12-10 14:56:55.488265+00,11.73,624.92,1.06,0,0,0,false
33,2025-12-10 14:56:56.550837+00,11.67,624.73,1.06,0,0,0,false
34,2025-12-10 14:56:57.666386+00,11.23,627.43,1.06,0,0,0,false
35,2025-12-10 14:56:58.680932+00,11.59,624.95,1.05,0,0,0,false
36,2025-12-10 14:56:59.746292+00,11.17,626.1,1.06,0,0,0,false
37,2025-12-10 14:57:00.814707+00,11.35,624.52,1.06,0,0,0,false
38,2025-12-10 14:57:02.158252+00,11.06,624.43,1.06,0,0,0,false
39,2025-12-10 14:57:02.959956+00,11.51,625.09,1.06,0,0,0,false
40,2025-12-10 14:57:04.081323+00,11.71,623.59,1.06,0,0,0,false
41,2025-12-10 14:57:05.079902+00,11.68,624.51,1.06,0,0,0,false
42,2025-12-10 14:57:06.142586+00,11.37,623.19,1.06,0,0,0,false
43,2025-12-10 14:57:07.204397+00,11.68,621.4,1.05,0,0,0,false
44,2025-12-10 15:06:02.153662+00,12.56,0.58,0.3,0,0,0,false
45,2025-12-10 15:06:02.450611+00,12.47,1.08,0.28,0,0,0,false
46,2025-12-10 15:06:03.5315+00,12.43,1.86,0.3,0,0,0,false
47,2025-12-10 15:06:04.558604+00,12.85,5.92,0.32,0,0,0,false
48,2025-12-10 15:06:05.622953+00,12.54,19.63,0.41,0,0,0,false
49,2025-12-10 15:06:06.687465+00,12.69,47.62,0.51,0,0,0,false
50,2025-12-10 15:06:07.76032+00,12.64,96.25,0.62,0,0,0,false
51,2025-12-10 15:06:08.826631+00,12.5,171.83,0.74,0,0,0,false
52,2025-12-10 15:06:10.388191+00,12.5,277.21,0.86,0,0,0,false
53,2025-12-10 15:06:10.94937+00,12.52,413.55,0.99,0,0,0,false
54,2025-12-10 15:06:12.021389+00,12.47,575.95,1.12,0,0,0,false
55,2025-12-10 15:06:13.078361+00,13.07,762,1.25,0,0,0,false
56,2025-12-10 15:06:14.149091+00,12.92,966.7,1.38,0,0,0,false
57,2025-12-10 15:06:16.906656+00,12.58,1176.23,1.51,0,0,0,false
58,2025-12-10 15:06:16.989353+00,12.88,1397.35,1.63,0,0,0,false
59,2025-12-10 15:06:17.346442+00,12.7,1614.62,1.73,0,0,0,false
60,2025-12-10 15:06:18.402455+00,12.51,1826.63,1.84,0,0,0,false
61,2025-12-10 15:06:19.470104+00,12.88,2026.06,1.94,0,0,0,false
62,2025-12-10 15:06:20.569142+00,12.75,2195.97,2.03,0,0,0,false
63,2025-12-10 15:06:21.599803+00,12.95,2356.21,2.11,0,0,0,false
64,2025-12-10 15:06:22.675931+00,12.54,2491.69,2.18,0,0,0,false
65,2025-12-10 15:06:23.767914+00,12.66,2608.15,2.24,0,0,0,false
66,2025-12-10 15:06:24.800065+00,12.56,2707.57,2.28,0,0,0,false
67,2025-12-10 15:06:25.875283+00,12.6,2792.33,2.33,0,0,0,false
68,2025-12-10 15:06:26.945544+00,12.46,2868.37,2.38,0,0,0,false
69,2025-12-10 15:06:28.008258+00,12.89,2923.73,2.41,0,0,0,false
70,2025-12-10 15:06:29.0757+00,12.36,2960.83,2.44,0,0,0,false
71,2025-12-10 15:06:30.137361+00,12.53,2987.29,2.46,0,0,0,false
72,2025-12-10 15:06:31.202014+00,12.74,3006.3,2.47,0,0,0,false
73,2025-12-10 15:06:32.265976+00,12.24,3029.12,2.48,0,0,0,false
74,2025-12-10 15:06:33.845476+00,12.73,3030.35,2.49,0,0,0,false
75,2025-12-10 15:06:34.396084+00,12.27,3036.96,2.5,0,0,0,false
76,2025-12-10 15:06:35.463384+00,12.37,3034.81,2.5,0,0,0,false
77,2025-12-10 15:06:36.521038+00,12.23,3025.1,2.49,0,0,0,false
78,2025-12-10 15:06:37.590104+00,12.14,3019.46,2.48,0,0,0,false
79,2025-12-10 15:06:38.656915+00,12.46,3003.42,2.47,0,0,0,false
80,2025-12-10 15:06:39.720009+00,12.76,2995.99,2.46,0,0,0,false
81,2025-12-10 15:06:40.788183+00,12.77,2977.47,2.45,0,0,0,false
82,2025-12-10 15:06:41.850876+00,12.71,2958.5,2.43,0,0,0,false
83,2025-12-10 15:06:42.9165+00,12.67,2942.01,2.42,0,0,0,false
84,2025-12-10 15:06:43.985917+00,12.38,2917.77,2.4,0,0,0,false
85,2025-12-10 15:06:45.049426+00,12.35,2902.93,2.39,0,0,0,false
86,2025-12-10 15:06:46.141188+00,12.77,2883,2.37,0,0,0,false
87,2025-12-10 15:06:47.188286+00,12.6,2857.91,2.35,0,0,0,false
88,2025-12-10 15:06:48.252784+00,12.87,2840.82,2.34,0,0,0,false
89,2025-12-10 15:06:49.313906+00,12.48,2825.86,2.34,0,0,0,false
90,2025-12-10 15:06:50.702845+00,13.01,2813.79,2.34,0,0,0,false
91,2025-12-10 15:06:51.439475+00,12.58,2788.64,2.32,0,0,0,false
92,2025-12-10 15:06:52.53019+00,12.87,2753.5,2.29,0,0,0,false
93,2025-12-10 15:06:53.574686+00,12.3,2714.19,2.26,0,0,0,false
94,2025-12-10 15:06:54.713759+00,12.49,2686.77,2.25,0,0,0,false
95,2025-12-10 15:06:55.746718+00,12.81,2667.72,2.24,0,0,0,false
96,2025-12-10 15:06:56.83863+00,12.35,2642.93,2.22,0,0,0,false
97,2025-12-10 15:06:57.838319+00,12.58,2624.22,2.21,0,0,0,false
98,2025-12-10 15:06:58.907857+00,12.7,2605.51,2.19,0,0,0,false
99,2025-12-10 15:06:59.973464+00,12.47,2590.95,2.17,0,0,0,false
100,2025-12-10 15:07:01.038437+00,12.72,2580.21,2.16,0,0,0,false
101,2025-12-10 15:07:02.105806+00,12.19,2559.27,2.14,0,0,0,false
102,2025-12-10 15:07:03.175812+00,12.36,2543.79,2.14,0,0,0,false
103,2025-12-10 15:07:04.249595+00,12.9,2525.36,2.13,0,0,0,false
104,2025-12-10 15:07:05.314859+00,12.77,2516.58,2.13,0,0,0,false
105,2025-12-10 15:07:06.368038+00,12.27,2510.16,2.12,0,0,0,false
106,2025-12-10 15:07:07.716465+00,12.53,2493.53,2.11,0,0,0,false
107,2025-12-10 15:07:08.499256+00,12.31,2482.56,2.09,0,0,0,false
108,2025-12-10 15:07:09.56358+00,12.29,2455.71,2.08,0,0,0,false
109,2025-12-10 15:07:10.627307+00,12.43,2438.83,2.07,0,0,0,false
110,2025-12-10 15:09:07.141836+00,11.48,1604.12,1.56,0,0,0,false
111,2025-12-10 15:09:08.075713+00,11.58,1603.87,1.56,0,0,0,false
112,2025-12-10 15:09:09.122758+00,11.79,1595.67,1.56,0,0,0,false
113,2025-12-10 15:09:10.152053+00,11.64,1583.58,1.55,0,0,0,false
114,2025-12-10 15:09:11.248865+00,12.05,1578.81,1.55,0,0,0,false
115,2025-12-10 15:09:12.25333+00,11.7,1567.61,1.55,0,0,0,false
116,2025-12-10 15:09:14.065483+00,11.84,1569.6,1.55,0,0,0,false
117,2025-12-10 15:09:14.433297+00,12.15,1567.11,1.55,0,0,0,false
118,2025-12-10 15:09:15.459095+00,11.93,1561.19,1.55,0,0,0,false
119,2025-12-10 15:09:16.525131+00,11.69,1560.24,1.54,0,0,0,false
120,2025-12-10 15:09:17.57547+00,12.11,1555.3,1.54,0,0,0,false
121,2025-12-10 15:09:18.984795+00,11.92,1557.53,1.55,0,0,0,false
122,2025-12-10 15:09:21.101922+00,12.03,1554.32,1.54,0,0,0,false
123,2025-12-10 15:09:21.166405+00,12.01,1552.32,1.54,0,0,0,false
124,2025-12-10 15:09:21.865031+00,11.78,1547.99,1.54,0,0,0,false
125,2025-12-10 15:09:23.020773+00,11.7,1547.49,1.54,0,0,0,false
126,2025-12-10 15:09:24.037602+00,11.89,1545.92,1.54,0,0,0,false
127,2025-12-10 15:09:25.133323+00,11.39,1542.41,1.53,0,0,0,false
128,2025-12-10 15:09:26.150765+00,11.6,1538.88,1.53,0,0,0,false
129,2025-12-10 15:09:27.192383+00,11.88,1536.06,1.53,0,0,0,false
130,2025-12-10 15:09:28.239589+00,11.66,1531.22,1.53,0,0,0,false
131,2025-12-10 15:09:29.304277+00,11.98,1533.6,1.53,0,0,0,false
132,2025-12-10 15:09:30.380622+00,12.09,1527.59,1.53,0,0,0,false
133,2025-12-10 15:09:31.499204+00,11.98,1528.44,1.53,0,0,0,false
134,2025-12-10 15:09:32.572764+00,11.74,1522.39,1.52,0,0,0,false
135,2025-12-10 15:09:33.601379+00,11.99,1519.51,1.52,0,0,0,false
136,2025-12-10 15:09:34.649231+00,12.11,1516.72,1.52,0,0,0,false
137,2025-12-10 15:09:36.191894+00,12.3,1509.13,1.51,0,0,0,false
138,2025-12-10 15:09:36.835572+00,12.23,1507.17,1.51,0,0,0,false
139,2025-12-10 15:09:37.87129+00,12.01,1503.54,1.51,0,0,0,false
140,2025-12-10 15:09:38.906319+00,11.89,1502.43,1.51,0,0,0,false
141,2025-12-10 15:09:40.00594+00,12.11,1500.01,1.51,0,0,0,false
142,2025-12-10 15:09:41.095312+00,12.37,1495.76,1.51,0,0,0,false
143,2025-12-10 15:09:42.125181+00,12.11,1494.14,1.51,0,0,0,false
144,2025-12-10 15:09:43.224986+00,11.96,1491.8,1.51,0,0,0,false
145,2025-12-10 15:09:44.262246+00,11.96,1489.39,1.5,0,0,0,false
146,2025-12-10 15:09:45.308176+00,12.08,1487.23,1.5,0,0,0,false
147,2025-12-10 15:09:46.40939+00,12.46,1483.43,1.5,0,0,0,false
148,2025-12-10 15:09:47.499206+00,11.83,1482.16,1.5,0,0,0,false
149,2025-12-10 15:09:48.567199+00,12.07,1479.2,1.49,0,0,0,false
150,2025-12-10 15:09:49.618519+00,12.26,1476.56,1.49,0,0,0,false
151,2025-12-10 15:09:51.751001+00,12.22,1471.22,1.49,0,0,0,false
152,2025-12-10 15:09:51.961184+00,11.76,1469.66,1.49,0,0,0,false
153,2025-12-10 15:09:53.202466+00,11.98,1467.4,1.49,0,0,0,false
154,2025-12-10 15:09:53.873897+00,12.19,1465.88,1.49,0,0,0,false
155,2025-12-10 15:09:54.897063+00,12.18,1464.01,1.49,0,0,0,false
156,2025-12-10 15:09:55.967537+00,12.09,1459.99,1.49,0,0,0,false
157,2025-12-10 15:09:57.090116+00,12.27,1458.79,1.48,0,0,0,false
158,2025-12-10 15:09:58.179554+00,11.86,1459.13,1.48,0,0,0,false
159,2025-12-10 15:09:59.238748+00,12.02,1457.4,1.47,0,0,0,false
160,2025-12-10 15:10:00.269584+00,12.17,1455.52,1.48,0,0,0,false
161,2025-12-10 15:10:01.338958+00,12.18,1451.46,1.47,0,0,0,false
162,2025-12-10 15:10:02.435913+00,12.2,1449.05,1.47,0,0,0,false
163,2025-12-10 15:10:03.446769+00,12.19,1448.15,1.47,0,0,0,false
164,2025-12-10 15:10:04.538032+00,11.96,1445.54,1.47,0,0,0,false
165,2025-12-10 15:10:46.57593+00,11.65,1365.34,1.42,0,0,0,false
166,2025-12-10 15:10:46.646963+00,12.39,1363.91,1.43,0,0,0,false
167,2025-12-10 15:10:46.711469+00,11.66,1361.14,1.42,0,0,0,false
168,2025-12-10 15:10:46.803982+00,12.79,1358.81,1.42,0,0,0,false
169,2025-12-10 15:10:46.870031+00,13.04,1355.57,1.42,0,0,0,false
170,2025-12-10 15:10:46.944107+00,13.09,1351.75,1.41,0,0,0,false
171,2025-12-10 15:10:47.157821+00,13.14,1349.75,1.42,0,0,0,false
172,2025-12-10 15:10:48.170249+00,13.35,1346.49,1.42,0,0,0,false
173,2025-12-10 15:10:50.087057+00,13.21,1341.85,1.42,0,0,0,false
174,2025-12-10 15:10:50.43966+00,13.14,1339.44,1.41,0,0,0,false
175,2025-12-10 15:10:51.370394+00,13.02,1333.09,1.41,0,0,0,false
176,2025-12-10 15:10:52.440067+00,11.39,1329.38,1.41,0,0,0,false
177,2025-12-10 15:10:53.496214+00,12.8,1326.04,1.41,0,0,0,false
178,2025-12-10 15:10:54.558472+00,11.59,1323.28,1.41,0,0,0,false
179,2025-12-10 15:10:55.625567+00,12.6,1321.08,1.4,0,0,0,false
180,2025-12-10 15:10:56.695605+00,11.73,1317.44,1.4,0,0,0,false
181,2025-12-10 15:10:57.757866+00,11.79,1314.11,1.41,0,0,0,false
182,2025-12-10 15:10:58.838605+00,12.77,1311.1,1.4,0,0,0,false
183,2025-12-10 15:10:59.882252+00,12.18,1307.88,1.41,0,0,0,false
184,2025-12-10 15:11:02.497839+00,12.33,1306.18,1.4,0,0,0,false
185,2025-12-10 15:11:02.570967+00,12.67,1302.54,1.4,0,0,0,false
186,2025-12-10 15:11:03.080569+00,12.98,1299.75,1.4,0,0,0,false
187,2025-12-10 15:11:04.143619+00,13.25,1297.49,1.4,0,0,0,false
188,2025-12-10 15:11:05.21554+00,11.55,1295.36,1.4,0,0,0,false
189,2025-12-10 15:11:06.285764+00,11.72,1293.83,1.4,0,0,0,false
190,2025-12-10 15:11:07.339383+00,11.8,1289.15,1.4,0,0,0,false
191,2025-12-10 15:11:08.410767+00,13.28,1285.35,1.4,0,0,0,false
192,2025-12-10 15:11:09.481573+00,12.83,1282.19,1.4,0,0,0,false
193,2025-12-10 15:11:11.559381+00,12.99,1283.1,1.4,0,0,0,false
194,2025-12-10 15:11:11.649839+00,12.88,1285.12,1.4,0,0,0,false
195,2025-12-10 15:11:12.669126+00,13.06,1283.32,1.4,0,0,0,false
196,2025-12-10 15:11:13.732025+00,12.91,1278.58,1.4,0,0,0,false
197,2025-12-10 15:11:14.796144+00,12.88,1270.87,1.39,0,0,0,false
198,2025-12-10 15:11:15.861083+00,12.69,1269.12,1.39,0,0,0,false
199,2025-12-10 15:11:17.02124+00,13.14,1269.78,1.38,0,0,0,false
200,2025-12-10 15:11:17.99823+00,13.16,1272.57,1.38,0,0,0,false
201,2025-12-10 15:11:19.477296+00,12.35,1276.2,1.39,0,0,0,false
202,2025-12-10 15:11:26.195268+00,11.99,1277.14,1.38,0,0,0,false
203,2025-12-10 15:11:26.286128+00,11.29,1276.4,1.38,0,0,0,false
204,2025-12-10 15:11:26.352511+00,13.39,1273.45,1.38,0,0,0,false
205,2025-12-10 15:11:26.41705+00,11.89,1273.4,1.37,0,0,0,false
206,2025-12-10 15:11:26.488609+00,13.11,1273.81,1.38,0,0,0,false
207,2025-12-10 15:11:26.564883+00,12.75,1274.42,1.37,0,0,0,false
208,2025-12-10 15:11:26.649678+00,12.92,1273.35,1.37,0,0,0,false
209,2025-12-10 15:11:29.025062+00,13.17,1272.38,1.37,0,0,0,false
210,2025-12-10 15:11:29.12276+00,13.32,1271.8,1.37,0,0,0,false
211,2025-12-10 15:11:29.710236+00,11.99,1270.27,1.37,0,0,0,false
212,2025-12-10 15:11:30.773765+00,11.81,1269.47,1.37,0,0,0,false
213,2025-12-10 15:11:33.060073+00,13.31,1268.27,1.37,0,0,0,false
214,2025-12-10 15:11:33.132416+00,13.39,1267.96,1.36,0,0,0,false
215,2025-12-10 15:11:34.011458+00,13.21,1266.45,1.36,0,0,0,false
216,2025-12-10 15:11:35.028083+00,12.55,1268.74,1.36,0,0,0,false
217,2025-12-10 15:11:36.522595+00,12.81,1267.37,1.36,0,0,0,false
218,2025-12-10 15:11:37.154664+00,12.31,1268.07,1.37,0,0,0,false
219,2025-12-10 15:11:38.236655+00,13.27,1267.75,1.36,0,0,0,false
220,2025-12-10 15:11:39.299437+00,13.14,1266.66,1.36,0,0,0,false
221,2025-12-10 15:11:40.394184+00,12.98,1266.44,1.36,0,0,0,false
222,2025-12-10 15:11:41.450614+00,12.97,1264.7,1.36,0,0,0,false
223,2025-12-10 15:11:42.499121+00,12.07,1261.63,1.36,0,0,0,false
224,2025-12-10 15:11:43.574863+00,12.98,1259.4,1.36,0,0,0,false
225,2025-12-10 15:11:45.568039+00,13.18,1255.53,1.36,0,0,0,false
226,2025-12-10 15:11:45.910774+00,12.96,1256.08,1.36,0,0,0,false
227,2025-12-10 15:11:46.770752+00,11.19,1255.08,1.35,0,0,0,false
228,2025-12-10 15:11:49.182359+00,12.49,1255.74,1.35,0,0,0,false
229,2025-12-10 15:11:49.252765+00,12.61,1255.99,1.35,0,0,0,false
230,2025-12-10 15:11:49.948831+00,13.32,1252.56,1.35,0,0,0,false
231,2025-12-10 15:11:51.005561+00,11.38,1251.66,1.35,0,0,0,false
232,2025-12-10 15:11:52.070946+00,12.09,1248.84,1.34,0,0,0,false
233,2025-12-10 15:11:53.480404+00,12.76,1249.49,1.34,0,0,0,false
234,2025-12-10 15:11:54.215204+00,12.14,1251.96,1.34,0,0,0,false
235,2025-12-10 15:11:55.265132+00,13.16,1253.54,1.35,0,0,0,false
236,2025-12-10 15:11:56.342992+00,11.42,1257.63,1.35,0,0,0,false
237,2025-12-10 15:11:57.396336+00,13.03,1257.56,1.35,0,0,0,false
238,2025-12-10 15:11:58.470029+00,12.3,1259.01,1.34,0,0,0,false
239,2025-12-10 15:11:59.54297+00,12.68,1259.66,1.34,0,0,0,false
240,2025-12-10 15:12:00.61381+00,12.75,1256.1,1.34,0,0,0,false
241,2025-12-10 15:12:01.659265+00,12.12,1252.71,1.35,0,0,0,false
242,2025-12-10 15:12:02.760644+00,12.83,1248.03,1.35,0,0,0,false
243,2025-12-10 15:12:03.788558+00,12.86,1241.2,1.34,0,0,0,false
244,2025-12-10 15:12:04.859312+00,11.7,1240.86,1.33,0,0,0,false
245,2025-12-10 15:12:05.972628+00,12.92,1238.02,1.33,0,0,0,false
246,2025-12-10 15:12:06.985879+00,13.19,1238.3,1.33,0,0,0,false
247,2025-12-10 15:12:09.174392+00,12.36,1237.65,1.33,0,0,0,false
248,2025-12-10 15:12:09.252286+00,12.87,1236.42,1.33,0,0,0,false
249,2025-12-10 15:12:10.684399+00,12.51,1233.82,1.33,0,0,0,false
250,2025-12-10 15:12:11.259833+00,12.33,1231.85,1.33,0,0,0,false
251,2025-12-10 15:12:13.695433+00,12.9,1230.84,1.33,0,0,0,false
252,2025-12-10 15:12:13.763178+00,13.48,1227.32,1.33,0,0,0,false
253,2025-12-10 15:12:14.453276+00,12.84,1227.82,1.34,0,0,0,false
254,2025-12-10 15:12:15.516441+00,12.22,1224.86,1.34,0,0,0,false
255,2025-12-10 15:12:16.580614+00,13.3,1223.93,1.34,0,0,0,false
256,2025-12-10 15:12:17.644217+00,13.24,1225.59,1.34,0,0,0,false
257,2025-12-10 15:12:18.71919+00,12.04,1222.02,1.34,0,0,0,false
258,2025-12-10 15:12:19.789117+00,11.62,1219.02,1.34,0,0,0,false
259,2025-12-10 15:12:20.864326+00,13.05,1213.97,1.35,0,0,0,false
260,2025-12-10 15:12:21.922788+00,13.19,1207.35,1.34,0,0,0,false
261,2025-12-10 15:12:23.029763+00,13.18,1203.98,1.34,0,0,0,false
262,2025-12-10 15:12:24.057545+00,11.65,1199.69,1.34,0,0,0,false
263,2025-12-10 15:12:25.122841+00,12.92,1199.35,1.34,0,0,0,false
264,2025-12-10 15:12:26.226733+00,12.67,1197.47,1.34,0,0,0,false
265,2025-12-10 15:12:27.620769+00,12.54,1199.24,1.34,0,0,0,false
266,2025-12-10 15:12:28.326301+00,11.55,1197.62,1.34,0,0,0,false
267,2025-12-10 15:12:29.659495+00,11.27,1195.55,1.34,0,0,0,false
268,2025-12-10 15:12:31.568547+00,11.66,1195.98,1.33,0,0,0,false
269,2025-12-10 15:12:32.536045+00,12.48,1193.84,1.33,0,0,0,false
270,2025-12-10 15:12:34.550257+00,12.33,1192.83,1.34,0,0,0,false
271,2025-12-10 15:12:34.623275+00,12.12,1190.19,1.34,0,0,0,false
272,2025-12-10 15:12:34.877207+00,12.8,1187.12,1.34,0,0,0,false
273,2025-12-10 15:12:35.827598+00,11.49,1185.26,1.33,0,0,0,false
274,2025-12-10 15:12:36.845234+00,11.14,1183.47,1.34,0,0,0,false
275,2025-12-10 15:12:37.912391+00,12.7,1184.08,1.34,0,0,0,false
276,2025-12-10 15:12:39.037207+00,12.43,1182.85,1.34,0,0,0,false
277,2025-12-10 15:12:40.04693+00,12.83,1183.02,1.34,0,0,0,false
278,2025-12-10 15:12:41.102904+00,12.97,1185.2,1.34,0,0,0,false
279,2025-12-10 15:12:42.166635+00,12.79,1184.44,1.33,0,0,0,false
280,2025-12-10 15:12:43.230239+00,12.29,1185.69,1.34,0,0,0,false
281,2025-12-10 15:12:46.240293+00,12.6,1184,1.33,0,0,0,false
282,2025-12-10 15:12:46.351637+00,12.83,1183.92,1.33,0,0,0,false
283,2025-12-10 15:12:46.447102+00,11.3,1181.98,1.33,0,0,0,false
284,2025-12-10 15:12:47.505687+00,12.37,1180.98,1.33,0,0,0,false
285,2025-12-10 15:12:48.622238+00,12.97,1181.54,1.33,0,0,0,false
286,2025-12-10 15:12:49.63032+00,12.06,1180.48,1.33,0,0,0,false
287,2025-12-10 15:12:50.696521+00,12.54,1183.69,1.33,0,0,0,false
288,2025-12-10 15:12:51.780113+00,12.07,1180.38,1.32,0,0,0,false
289,2025-12-10 15:12:52.828976+00,12.47,1178.37,1.32,0,0,0,false
290,2025-12-10 15:12:53.900149+00,12,1178.87,1.32,0,0,0,false
291,2025-12-10 15:12:54.95749+00,12.52,1177.38,1.32,0,0,0,false
292,2025-12-10 15:12:56.023023+00,12.64,1182.22,1.33,0,0,0,false
293,2025-12-10 15:12:57.124475+00,11.57,1182.45,1.33,0,0,0,false
294,2025-12-10 15:12:58.156145+00,12.91,1180.3,1.33,0,0,0,false
295,2025-12-10 15:12:59.217172+00,11.37,1181.21,1.33,0,0,0,false
296,2025-12-10 15:13:00.285283+00,13.09,1177.28,1.32,0,0,0,false
297,2025-12-10 15:13:01.405757+00,12.11,1178.82,1.32,0,0,0,false
298,2025-12-10 15:13:02.817093+00,12.24,1177.64,1.32,0,0,0,false
299,2025-12-10 15:13:03.479081+00,12.41,1173.38,1.32,0,0,0,false
300,2025-12-10 15:13:04.543998+00,13.13,1173.26,1.32,0,0,0,false
301,2025-12-10 15:13:05.610296+00,11.87,1170.25,1.32,0,0,0,false
302,2025-12-10 15:13:06.691097+00,11.66,1172.75,1.32,0,0,0,false
303,2025-12-10 15:13:07.741023+00,12.84,1173.24,1.32,0,0,0,false
304,2025-12-10 15:13:08.809647+00,11.9,1172.19,1.32,0,0,0,false
305,2025-12-10 15:13:09.881965+00,13.03,1172.28,1.32,0,0,0,false
306,2025-12-10 15:13:10.955152+00,12.02,1170.07,1.32,0,0,0,false
307,2025-12-10 15:13:11.996167+00,12.25,1172.98,1.33,0,0,0,false
308,2025-12-10 15:13:13.058436+00,13.22,1174.47,1.32,0,0,0,false
309,2025-12-10 15:13:14.127212+00,12.32,1173.52,1.32,0,0,0,false
310,2025-12-10 15:13:15.30132+00,12.31,1175,1.32,0,0,0,false
311,2025-12-10 15:13:16.253748+00,11.48,1172.27,1.32,0,0,0,false
312,2025-12-10 15:13:18.575218+00,11.54,1176.79,1.32,0,0,0,false
313,2025-12-10 15:13:18.646304+00,13,1181.16,1.33,0,0,0,false
314,2025-12-10 15:13:19.843821+00,12.02,1182.72,1.33,0,0,0,false
315,2025-12-10 15:13:20.518895+00,11.45,1181.32,1.32,0,0,0,false
316,2025-12-10 15:13:21.589035+00,11.75,1176.5,1.32,0,0,0,false
317,2025-12-10 15:13:22.656394+00,12.36,1175.4,1.32,0,0,0,false
318,2025-12-10 15:13:24.614388+00,11.7,1173.98,1.31,0,0,0,false
319,2025-12-10 15:13:24.947267+00,11.38,1171.66,1.31,0,0,0,false
320,2025-12-10 15:13:25.853058+00,11.15,1171.53,1.31,0,0,0,false
321,2025-12-10 15:13:26.911296+00,12.65,1168.54,1.31,0,0,0,false
322,2025-12-10 15:13:27.985639+00,12.42,1168.4,1.31,0,0,0,false
323,2025-12-10 15:13:29.046334+00,12.04,1169.06,1.31,0,0,0,false
324,2025-12-10 15:13:30.124241+00,13.02,1168.56,1.31,0,0,0,false
325,2025-12-10 15:13:31.178288+00,11.42,1168.45,1.31,0,0,0,false
326,2025-12-10 15:13:32.248593+00,11.02,1168.16,1.31,0,0,0,false
327,2025-12-10 15:13:33.319145+00,13.05,1167.73,1.31,0,0,0,false
328,2025-12-10 15:13:34.395234+00,12.84,1166.65,1.31,0,0,0,false
329,2025-12-10 15:13:35.450949+00,12.61,1165.59,1.31,0,0,0,false
330,2025-12-10 15:13:36.937134+00,12.17,1162.79,1.31,0,0,0,false
331,2025-12-10 15:13:37.576541+00,12.71,1160.68,1.31,0,0,0,false
332,2025-12-10 15:13:38.752143+00,11.49,1158.91,1.31,0,0,0,false
333,2025-12-10 15:13:39.709436+00,13.11,1154.39,1.31,0,0,0,false
334,2025-12-10 15:13:40.77712+00,11.97,1152.83,1.31,0,0,0,false
335,2025-12-10 15:13:41.859583+00,12.23,1150.54,1.31,0,0,0,false
336,2025-12-10 15:13:42.909911+00,11.56,1147.95,1.3,0,0,0,false
337,2025-12-10 15:13:43.971797+00,13.08,1147,1.3,0,0,0,false
338,2025-12-10 15:13:45.035925+00,12.06,1142.65,1.31,0,0,0,false
339,2025-12-10 15:13:46.105823+00,12.86,1140.09,1.31,0,0,0,false
340,2025-12-10 15:13:47.170117+00,10.85,1135.99,1.3,0,0,0,false
341,2025-12-10 15:13:48.286254+00,12.47,1133.84,1.3,0,0,0,false
342,2025-12-10 15:13:49.308392+00,11.25,1133,1.3,0,0,0,false
343,2025-12-10 15:13:50.397101+00,12.07,1132.3,1.3,0,0,0,false
344,2025-12-10 15:13:51.588015+00,11.53,1130.86,1.3,0,0,0,false
345,2025-12-10 15:13:52.499305+00,11.41,1127.53,1.3,0,0,0,false
346,2025-12-10 15:13:53.942041+00,12.15,1123.92,1.3,0,0,0,false
347,2025-12-10 15:13:54.629514+00,11.35,1121.41,1.3,0,0,0,false
348,2025-12-10 15:13:55.699914+00,12.45,1121.01,1.3,0,0,0,false
349,2025-12-10 15:13:56.773233+00,12.85,1124.03,1.3,0,0,0,false
350,2025-12-10 15:13:57.912191+00,12.43,1122.98,1.29,0,0,0,false
351,2025-12-10 15:13:58.900084+00,11.39,1122.81,1.3,0,0,0,false
352,2025-12-10 15:13:59.966324+00,12.44,1119.87,1.3,0,0,0,false
353,2025-12-10 15:14:01.037094+00,13.07,1116.91,1.29,0,0,0,false
354,2025-12-10 15:14:07.336751+00,12.18,1116.65,1.3,0,0,0,false
355,2025-12-10 15:14:07.413049+00,12.13,1112.18,1.29,0,0,0,false
356,2025-12-10 15:14:07.484935+00,11.79,1111.89,1.3,0,0,0,false
357,2025-12-10 15:14:07.566323+00,11.91,1110.31,1.3,0,0,0,false
358,2025-12-10 15:14:07.642117+00,12.73,1108.54,1.29,0,0,0,false
359,2025-12-10 15:14:07.724441+00,12.22,1107.99,1.29,0,0,0,false
360,2025-12-10 15:14:08.496394+00,12.46,1104.61,1.29,0,0,0,false
361,2025-12-10 15:14:09.565166+00,11.17,1106.25,1.29,0,0,0,false
362,2025-12-10 15:14:11.014489+00,12.83,1105.08,1.29,0,0,0,false
363,2025-12-10 15:14:11.7298+00,12.85,1104.33,1.29,0,0,0,false
364,2025-12-10 15:14:14.867772+00,12.33,1101.12,1.29,0,0,0,false
365,2025-12-10 15:14:14.957505+00,12.21,1100.51,1.29,0,0,0,false
366,2025-12-10 15:14:15.030076+00,11.7,1101.86,1.29,0,0,0,false
367,2025-12-10 15:14:15.95909+00,12.8,1102.35,1.29,0,0,0,false
368,2025-12-10 15:14:17.026946+00,11.89,1104,1.29,0,0,0,false
369,2025-12-10 15:14:18.093956+00,12.15,1101.64,1.29,0,0,0,false
370,2025-12-10 15:14:19.155802+00,12.34,1098.65,1.29,0,0,0,false
371,2025-12-10 15:14:20.220742+00,12.71,1098.24,1.29,0,0,0,false
372,2025-12-10 15:14:21.294521+00,13.17,1094.62,1.29,0,0,0,false
373,2025-12-10 15:14:22.350587+00,13.05,1093.48,1.29,0,0,0,false
374,2025-12-10 15:14:23.413873+00,11.52,1090.79,1.29,0,0,0,false
375,2025-12-10 15:14:24.484156+00,11.79,1087.91,1.28,0,0,0,false
376,2025-12-10 15:14:25.565762+00,12.68,1086.23,1.28,0,0,0,false
377,2025-12-10 15:14:26.617191+00,11.38,1083.25,1.28,0,0,0,false
378,2025-12-10 15:14:28.032108+00,12.44,1082.94,1.28,0,0,0,false
379,2025-12-10 15:14:28.76955+00,11.47,1081.97,1.28,0,0,0,false
380,2025-12-10 15:14:29.826089+00,12.17,1082.07,1.28,0,0,0,false
381,2025-12-10 15:14:30.914529+00,11.78,1080.68,1.28,0,0,0,false
382,2025-12-10 15:14:31.958209+00,12.94,1080.31,1.28,0,0,0,false
383,2025-12-10 15:14:33.021639+00,11.25,1081.11,1.28,0,0,0,false
384,2025-12-10 15:14:34.106089+00,12.58,1076.87,1.28,0,0,0,false
385,2025-12-10 15:14:35.166921+00,11.94,1075.83,1.28,0,0,0,false
386,2025-12-10 15:14:36.219078+00,12.54,1074.37,1.28,0,0,0,false
387,2025-12-10 15:14:37.296782+00,11.6,1071.86,1.28,0,0,0,false
388,2025-12-10 15:14:38.35243+00,11.29,1072.27,1.28,0,0,0,false
389,2025-12-10 15:14:39.45036+00,11.34,1070.68,1.27,0,0,0,false
390,2025-12-10 15:14:41.028966+00,12.05,1069.49,1.27,0,0,0,false
391,2025-12-10 15:14:41.582555+00,12.57,1066.69,1.27,0,0,0,false
392,2025-12-10 15:14:42.631525+00,11.29,1065.52,1.28,0,0,0,false
393,2025-12-10 15:14:43.68353+00,11.18,1062.27,1.27,0,0,0,false
394,2025-12-10 15:14:45.148234+00,12.61,1061.66,1.27,0,0,0,false
395,2025-12-10 15:14:45.836646+00,12.25,1062.36,1.27,0,0,0,false
396,2025-12-10 15:14:46.892371+00,12.82,1059.98,1.27,0,0,0,false
397,2025-12-10 15:14:47.950854+00,12.75,1058.1,1.27,0,0,0,false
398,2025-12-10 15:14:49.045474+00,11.33,1057.15,1.27,0,0,0,false
399,2025-12-10 15:14:51.082798+00,12.64,1056.67,1.27,0,0,0,false
400,2025-12-10 15:14:51.485636+00,12.21,1058.73,1.27,0,0,0,false
401,2025-12-10 15:14:54.040363+00,12.52,1059.21,1.27,0,0,0,false
402,2025-12-10 15:14:54.125139+00,11.35,1059.38,1.27,0,0,0,false
403,2025-12-10 15:14:54.450643+00,11.47,1057.28,1.27,0,0,0,false
404,2025-12-10 15:14:55.432221+00,11.62,1056.87,1.27,0,0,0,false
405,2025-12-10 15:14:56.489748+00,12.28,1054.79,1.27,0,0,0,false
406,2025-12-10 15:14:57.64321+00,12.95,1054.78,1.27,0,0,0,false
407,2025-12-10 15:14:58.623168+00,11.36,1056.37,1.27,0,0,0,false
408,2025-12-10 15:14:59.723138+00,12.27,1056.66,1.27,0,0,0,false
409,2025-12-10 15:15:00.760152+00,12.75,1056.68,1.27,0,0,0,false
410,2025-12-10 15:15:02.246394+00,12.53,1054.44,1.27,0,0,0,false
411,2025-12-10 15:15:02.885526+00,11.92,1053.74,1.27,0,0,0,false
412,2025-12-10 15:15:03.975063+00,11.17,1052.63,1.26,0,0,0,false
413,2025-12-10 15:15:05.02712+00,13.12,1050.73,1.26,0,0,0,false
414,2025-12-10 15:15:06.101315+00,12.56,1050.4,1.26,0,0,0,false
415,2025-12-10 15:15:07.194422+00,12.91,1049.31,1.26,0,0,0,false
416,2025-12-10 15:15:08.226447+00,11.41,1049.02,1.27,0,0,0,false
417,2025-12-10 15:15:09.29376+00,11.45,1046.77,1.26,0,0,0,false
418,2025-12-10 15:15:10.366094+00,11.55,1045.93,1.26,0,0,0,false
419,2025-12-10 15:15:11.585476+00,12.57,1048.56,1.26,0,0,0,false
420,2025-12-10 15:15:12.488603+00,12.51,1048.15,1.26,0,0,0,false
421,2025-12-10 15:15:13.602387+00,11.98,1048.64,1.26,0,0,0,false
422,2025-12-10 15:15:14.627407+00,12.85,1047.54,1.26,0,0,0,false
423,2025-12-10 15:15:15.680061+00,12.16,1046.38,1.26,0,0,0,false
424,2025-12-10 15:15:16.749848+00,12.33,1047.49,1.26,0,0,0,false
425,2025-12-10 15:15:17.817904+00,11.45,1044.31,1.26,0,0,0,false
426,2025-12-10 15:15:19.217876+00,11.8,1045.19,1.26,0,0,0,false
427,2025-12-10 15:15:19.951786+00,12.14,1043.14,1.26,0,0,0,false
428,2025-12-10 15:15:21.014987+00,11.51,1041.29,1.26,0,0,0,false
429,2025-12-10 15:15:22.076112+00,13.28,1041.42,1.26,0,0,0,false
430,2025-12-10 15:15:23.225742+00,12.56,1039.44,1.26,0,0,0,false
431,2025-12-10 15:15:24.198585+00,11.5,1039.55,1.26,0,0,0,false
432,2025-12-10 15:15:26.178777+00,13.15,1038.1,1.26,0,0,0,false
433,2025-12-10 15:15:26.330859+00,11.83,1036.16,1.26,0,0,0,false
434,2025-12-10 15:15:27.404865+00,13.54,1035.64,1.26,0,0,0,false
435,2025-12-10 15:15:28.459575+00,12.31,1033.38,1.26,0,0,0,false
436,2025-12-10 15:15:29.527757+00,13.16,1033.43,1.26,0,0,0,false
437,2025-12-10 15:15:30.599685+00,11.93,1031.12,1.26,0,0,0,false
438,2025-12-10 15:15:31.708182+00,12.78,1030.03,1.26,0,0,0,false
439,2025-12-10 15:15:32.732384+00,13.07,1028.97,1.25,0,0,0,false
440,2025-12-10 15:15:33.794498+00,13.16,1026.65,1.25,0,0,0,false
441,2025-12-10 15:15:34.860815+00,12.54,1026.94,1.25,0,0,0,false
442,2025-12-10 15:15:36.316664+00,13.11,1026.37,1.25,0,0,0,false
443,2025-12-10 15:15:36.990685+00,13.26,1025.99,1.25,0,0,0,false
444,2025-12-10 15:15:38.052117+00,12.38,1025.48,1.25,0,0,0,false
445,2025-12-10 15:15:40.117183+00,13.06,1025.33,1.25,0,0,0,false
446,2025-12-10 15:15:40.518629+00,11.8,1025.24,1.25,0,0,0,false
447,2025-12-10 15:15:41.286159+00,11.71,1024.39,1.25,0,0,0,false
448,2025-12-10 15:15:42.322563+00,13.01,1023.29,1.25,0,0,0,false
449,2025-12-10 15:15:43.381291+00,11.54,1022.88,1.25,0,0,0,false
450,2025-12-10 15:15:44.456319+00,12.74,1024.36,1.25,0,0,0,false
451,2025-12-10 15:15:45.516617+00,11.48,1024.5,1.25,0,0,0,false
452,2025-12-10 15:15:46.576792+00,12.27,1023.23,1.24,0,0,0,false
453,2025-12-10 15:15:47.662085+00,13.3,1021.95,1.25,0,0,0,false
454,2025-12-10 15:15:48.708253+00,11.52,1021.14,1.25,0,0,0,false
455,2025-12-10 15:15:49.774201+00,11.83,1021.26,1.25,0,0,0,false
456,2025-12-10 15:15:50.838954+00,11.53,1020.5,1.25,0,0,0,false
457,2025-12-10 15:15:51.939104+00,12.19,1022.36,1.25,0,0,0,false
458,2025-12-10 15:15:53.306143+00,12.99,1021.76,1.25,0,0,0,false
459,2025-12-10 15:15:54.031392+00,12.92,1019.84,1.25,0,0,0,false
460,2025-12-10 15:15:55.094676+00,11.72,1018.73,1.25,0,0,0,false
461,2025-12-10 15:15:58.01678+00,13.15,1018.68,1.25,0,0,0,false
462,2025-12-10 15:15:58.084052+00,12.42,1018.3,1.24,0,0,0,false
463,2025-12-10 15:15:58.290393+00,11.53,1018.07,1.25,0,0,0,false
464,2025-12-10 15:15:59.357694+00,11.3,1016.58,1.25,0,0,0,false
465,2025-12-10 15:16:00.427384+00,11.86,1016.03,1.25,0,0,0,false
466,2025-12-10 15:16:01.489463+00,12.53,1016.9,1.25,0,0,0,false
467,2025-12-10 15:16:02.58309+00,12.92,1015.54,1.25,0,0,0,false
468,2025-12-10 15:16:03.616044+00,13.2,1015.5,1.25,0,0,0,false
469,2025-12-10 15:16:04.681916+00,11.81,1012.66,1.25,0,0,0,false
470,2025-12-10 15:16:05.749517+00,12.38,1011.35,1.25,0,0,0,false
471,2025-12-10 15:16:06.81518+00,12.91,1010.77,1.25,0,0,0,false
472,2025-12-10 15:16:07.882875+00,13.08,1006.38,1.25,0,0,0,false
473,2025-12-10 15:16:08.949849+00,11.78,1006.65,1.25,0,0,0,false
474,2025-12-10 15:16:11.562673+00,12.36,1005.53,1.25,0,0,0,false
475,2025-12-10 15:16:11.636746+00,12.89,1004.92,1.24,0,0,0,false
476,2025-12-10 15:16:12.139925+00,13.2,1006.3,1.24,0,0,0,false
477,2025-12-10 15:16:13.264559+00,12.89,1003.35,1.24,0,0,0,false
478,2025-12-10 15:16:14.271938+00,11.83,1004.46,1.25,0,0,0,false
479,2025-12-10 15:16:15.334826+00,13.01,1004.75,1.25,0,0,0,false
480,2025-12-10 15:16:17.054952+00,13.33,1004.32,1.25,0,0,0,false
481,2025-12-10 15:16:17.47806+00,12.9,1004.39,1.24,0,0,0,false
482,2025-12-10 15:16:18.541093+00,12.3,1002.22,1.24,0,0,0,false
483,2025-12-10 15:16:20.64876+00,12.85,1002.43,1.24,0,0,0,false
484,2025-12-10 15:16:20.999707+00,11.47,1001.26,1.24,0,0,0,false
485,2025-12-10 15:16:21.726169+00,12.59,1000.2,1.24,0,0,0,false
486,2025-12-10 15:16:22.809127+00,11.84,1000.65,1.24,0,0,0,false
487,2025-12-10 15:16:23.873215+00,12.11,997.93,1.24,0,0,0,false
488,2025-12-10 15:16:24.920167+00,11.87,998.5,1.25,0,0,0,false
489,2025-12-10 15:16:26.0064+00,11.49,996.74,1.24,0,0,0,false
490,2025-12-10 15:16:27.054134+00,11.29,996.85,1.24,0,0,0,false
491,2025-12-10 15:16:28.455011+00,11.8,998.25,1.24,0,0,0,false
492,2025-12-10 15:16:29.1867+00,12.5,996.02,1.24,0,0,0,false
493,2025-12-10 15:16:30.250798+00,13.15,994.7,1.24,0,0,0,false
494,2025-12-10 15:16:31.603937+00,13.23,993.38,1.25,0,0,0,false
495,2025-12-10 15:16:32.396997+00,12.04,992.46,1.24,0,0,0,false
496,2025-12-10 15:16:33.446861+00,12.62,993.78,1.24,0,0,0,false
497,2025-12-10 15:16:34.560542+00,13.13,995.48,1.24,0,0,0,false
498,2025-12-10 15:16:35.579538+00,13.17,995.69,1.24,0,0,0,false
499,2025-12-10 15:16:36.642119+00,12.16,996.38,1.24,0,0,0,false
500,2025-12-10 15:16:37.709733+00,11.87,995.68,1.24,0,0,0,false
501,2025-12-10 15:16:38.775585+00,11.42,995.15,1.24,0,0,0,false
502,2025-12-10 15:16:41.163506+00,13.19,996.67,1.24,0,0,0,false
503,2025-12-10 15:16:41.236359+00,12.3,998.67,1.24,0,0,0,false
504,2025-12-10 15:16:41.966742+00,12.91,999.1,1.24,0,0,0,false
505,2025-12-10 15:16:43.051127+00,13.22,1000.05,1.24,0,0,0,false
506,2025-12-10 15:16:44.096972+00,12.84,998.41,1.24,0,0,0,false
507,2025-12-10 15:16:46.272885+00,11.88,999.14,1.24,0,0,0,false
508,2025-12-10 15:16:46.382743+00,13.06,1000.23,1.24,0,0,0,false
509,2025-12-10 15:16:49.055319+00,11.28,1000.13,1.24,0,0,0,false
510,2025-12-10 15:16:49.188082+00,11.67,999.95,1.24,0,0,0,false
511,2025-12-10 15:16:51.163192+00,11.81,998.41,1.24,0,0,0,false
512,2025-12-10 15:16:51.231291+00,12.37,995.71,1.24,0,0,0,false
513,2025-12-10 15:16:51.553091+00,12.03,994.55,1.24,0,0,0,false
514,2025-12-10 15:16:52.620665+00,12.83,994.15,1.24,0,0,0,false
515,2025-12-10 15:16:53.695104+00,11.52,995.06,1.24,0,0,0,false
516,2025-12-10 15:16:54.758713+00,11.44,995.39,1.24,0,0,0,false
517,2025-12-10 15:16:55.851694+00,12.91,995.15,1.24,0,0,0,false
518,2025-12-10 15:16:56.884019+00,12.9,994.67,1.24,0,0,0,false
519,2025-12-10 15:16:57.943765+00,12.59,994.67,1.24,0,0,0,false
520,2025-12-10 15:16:59.011571+00,12.3,995.07,1.24,0,0,0,false
521,2025-12-10 15:17:00.077554+00,13,995.37,1.24,0,0,0,false
522,2025-12-10 15:17:01.139073+00,12.82,993.1,1.24,0,0,0,false
523,2025-12-10 15:17:03.058371+00,11.77,992.06,1.24,0,0,0,false
524,2025-12-10 15:17:03.46704+00,11.83,989.96,1.24,0,0,0,false
525,2025-12-10 15:17:04.333146+00,13.09,988.33,1.24,0,0,0,false
526,2025-12-10 15:17:06.557653+00,12.74,988.13,1.24,0,0,0,false
527,2025-12-10 15:17:06.628514+00,11.4,986.28,1.23,0,0,0,false
528,2025-12-10 15:17:07.530005+00,12.89,985.07,1.23,0,0,0,false
529,2025-12-10 15:17:08.615332+00,12.83,983.91,1.23,0,0,0,false
530,2025-12-10 15:17:09.741519+00,13.04,983.76,1.23,0,0,0,false
531,2025-12-10 15:17:10.753239+00,12.63,985.16,1.23,0,0,0,false
532,2025-12-10 15:17:13.075225+00,13.2,986.28,1.23,0,0,0,false
533,2025-12-10 15:17:13.152567+00,12.35,984.77,1.23,0,0,0,false
534,2025-12-10 15:17:13.929489+00,11.17,981.93,1.23,0,0,0,false
535,2025-12-10 15:17:15.007486+00,12.26,980.88,1.23,0,0,0,false
536,2025-12-10 15:17:17.077371+00,11.12,980.75,1.23,0,0,0,false
537,2025-12-10 15:17:17.409114+00,11.78,981.69,1.23,0,0,0,false
538,2025-12-10 15:17:18.222248+00,12.64,979.81,1.23,0,0,0,false
539,2025-12-10 15:17:19.247806+00,12.19,977.09,1.23,0,0,0,false
540,2025-12-10 15:17:20.652027+00,12.2,976.74,1.23,0,0,0,false
541,2025-12-10 15:17:21.393628+00,11.27,974.35,1.23,0,0,0,false
542,2025-12-10 15:17:22.452903+00,12.27,973.86,1.22,0,0,0,false
543,2025-12-10 15:17:23.520999+00,12.1,973.18,1.22,0,0,0,false
544,2025-12-10 15:17:24.578432+00,12.73,974.14,1.22,0,0,0,false
545,2025-12-10 15:17:25.639726+00,11.65,975.04,1.23,0,0,0,false
546,2025-12-10 15:17:26.715005+00,11.3,974.78,1.23,0,0,0,false
547,2025-12-10 15:17:27.841325+00,11.41,973.76,1.22,0,0,0,false
548,2025-12-10 15:17:28.84982+00,12.64,974.64,1.23,0,0,0,false
549,2025-12-10 15:17:29.93129+00,12.34,972.92,1.22,0,0,0,false
550,2025-12-10 15:17:30.975164+00,12.82,973.68,1.23,0,0,0,false
551,2025-12-10 15:17:32.044123+00,11.51,973.53,1.23,0,0,0,false
552,2025-12-10 15:17:33.103994+00,11.29,973.55,1.22,0,0,0,false
553,2025-12-10 15:17:34.167916+00,11.35,974.54,1.22,0,0,0,false
554,2025-12-10 15:17:35.240292+00,12.39,972.38,1.22,0,0,0,false
555,2025-12-10 15:17:36.300745+00,12.01,972.58,1.23,0,0,0,false
556,2025-12-10 15:17:37.758041+00,12.55,971.77,1.22,0,0,0,false
557,2025-12-10 15:17:38.431384+00,12.21,970.57,1.22,0,0,0,false
558,2025-12-10 15:17:39.493108+00,12.07,971.6,1.23,0,0,0,false
559,2025-12-10 15:17:41.530288+00,11.69,969.15,1.23,0,0,0,false
560,2025-12-10 15:17:41.619256+00,11.41,970.38,1.23,0,0,0,false
561,2025-12-10 15:17:42.688584+00,13.19,970.04,1.22,0,0,0,false
562,2025-12-10 15:17:43.751632+00,12.86,968.76,1.22,0,0,0,false
563,2025-12-10 15:17:44.814214+00,12.39,969.46,1.22,0,0,0,false
564,2025-12-10 15:17:45.91459+00,11.69,966.39,1.22,0,0,0,false
565,2025-12-10 15:17:47.603002+00,11.32,966.02,1.23,0,0,0,false
566,2025-12-10 15:17:49.059016+00,12.21,964.98,1.22,0,0,0,false
567,2025-12-10 15:17:49.569913+00,13.15,963.32,1.22,0,0,0,false
568,2025-12-10 15:17:52.083517+00,12.19,963.45,1.22,0,0,0,false
569,2025-12-10 15:17:52.15427+00,11.43,962.4,1.22,0,0,0,false
570,2025-12-10 15:17:52.432434+00,12.73,961.37,1.23,0,0,0,false
571,2025-12-10 15:17:53.427944+00,11.44,959.31,1.23,0,0,0,false
572,2025-12-10 15:17:54.394555+00,13.09,958.52,1.22,0,0,0,false
573,2025-12-10 15:17:55.873823+00,12.14,960.12,1.22,0,0,0,false
574,2025-12-10 15:17:58.06139+00,11.27,958.99,1.22,0,0,0,false
575,2025-12-10 15:17:58.133025+00,11.98,957.58,1.22,0,0,0,false
576,2025-12-10 15:17:58.652748+00,11.74,954.5,1.22,0,0,0,false
577,2025-12-10 15:17:59.722167+00,13.03,952.37,1.22,0,0,0,false
578,2025-12-10 15:18:00.788704+00,13.02,953.77,1.22,0,0,0,false
579,2025-12-10 15:18:01.864018+00,12.43,954.46,1.22,0,0,0,false
580,2025-12-10 15:18:02.91982+00,12.16,955.39,1.22,0,0,0,false
581,2025-12-10 15:18:04.003438+00,13.03,953.79,1.22,0,0,0,false
582,2025-12-10 15:18:05.083151+00,11.31,952.91,1.22,0,0,0,false
583,2025-12-10 15:18:06.325013+00,11.75,952.12,1.22,0,0,0,false
584,2025-12-10 15:18:07.185604+00,12.11,950.9,1.22,0,0,0,false
585,2025-12-10 15:18:08.255779+00,12.35,949,1.22,0,0,0,false
586,2025-12-10 15:18:09.319015+00,12.56,947.14,1.22,0,0,0,false
587,2025-12-10 15:18:10.388388+00,11.58,943.24,1.22,0,0,0,false
588,2025-12-10 15:18:11.462676+00,12.95,940.77,1.22,0,0,0,false
589,2025-12-10 15:18:12.873528+00,11.37,942.1,1.22,0,0,0,false
590,2025-12-10 15:18:15.151945+00,13.04,942.93,1.22,0,0,0,false
591,2025-12-10 15:18:15.228602+00,12.88,941.42,1.22,0,0,0,false
592,2025-12-10 15:18:15.720814+00,12.03,939.77,1.22,0,0,0,false
593,2025-12-10 15:18:16.781874+00,12.35,938.26,1.22,0,0,0,false
594,2025-12-10 15:18:17.855126+00,12.46,938.12,1.22,0,0,0,false
595,2025-12-10 15:18:20.165804+00,11.64,940.61,1.22,0,0,0,false
596,2025-12-10 15:18:20.234597+00,11.46,938.3,1.22,0,0,0,false
597,2025-12-10 15:18:21.077942+00,11.32,939.75,1.22,0,0,0,false
598,2025-12-10 15:18:22.11578+00,13.08,937.58,1.22,0,0,0,false
599,2025-12-10 15:18:23.186817+00,13.05,937.14,1.22,0,0,0,false
600,2025-12-10 15:18:24.247176+00,11.37,937.5,1.22,0,0,0,false
601,2025-12-10 15:18:25.316019+00,11.57,936.63,1.22,0,0,0,false
602,2025-12-10 15:18:26.388439+00,11.51,937.85,1.22,0,0,0,false
603,2025-12-10 15:18:27.465862+00,12.84,937.1,1.22,0,0,0,false
604,2025-12-10 15:18:28.51962+00,12.53,935.65,1.22,0,0,0,false
605,2025-12-10 15:18:31.128107+00,12.15,932.85,1.22,0,0,0,false
606,2025-12-10 15:18:31.213969+00,12.39,933.12,1.22,0,0,0,false
607,2025-12-10 15:18:31.713574+00,11.55,933.34,1.22,0,0,0,false
608,2025-12-10 15:18:32.848908+00,11.27,933.06,1.22,0,0,0,false
609,2025-12-10 15:18:35.099746+00,11.3,931.51,1.22,0,0,0,false
610,2025-12-10 15:18:35.169083+00,12.08,929.99,1.22,0,0,0,false
611,2025-12-10 15:18:35.967533+00,12.29,929.97,1.22,0,0,0,false
612,2025-12-10 15:18:37.041662+00,11.58,931.6,1.22,0,0,0,false
613,2025-12-10 15:18:38.115782+00,12.88,932.93,1.22,0,0,0,false
614,2025-12-10 15:18:39.176618+00,12.58,932.41,1.22,0,0,0,false
615,2025-12-10 15:18:40.256787+00,13.15,931.23,1.22,0,0,0,false
616,2025-12-10 15:18:41.29163+00,11.87,930.68,1.22,0,0,0,false
617,2025-12-10 15:18:42.360067+00,12.83,930.1,1.22,0,0,0,false
618,2025-12-10 15:18:43.424087+00,13.01,928.49,1.21,0,0,0,false
619,2025-12-10 15:18:44.491281+00,11.8,926.39,1.22,0,0,0,false
620,2025-12-10 15:18:45.559801+00,13.15,924.34,1.21,0,0,0,false
621,2025-12-10 15:18:46.622782+00,12.43,922.5,1.22,0,0,0,false
622,2025-12-10 15:18:48.024108+00,11.24,924.65,1.22,0,0,0,false
623,2025-12-10 15:18:50.073157+00,11.84,923.94,1.21,0,0,0,false
624,2025-12-10 15:18:50.140845+00,11.35,925.22,1.22,0,0,0,false
625,2025-12-10 15:18:50.885294+00,12.53,922,1.21,0,0,0,false
626,2025-12-10 15:18:51.944091+00,11.44,919.64,1.21,0,0,0,false
627,2025-12-10 15:18:54.071124+00,12.81,920.56,1.21,0,0,0,false
628,2025-12-10 15:18:54.481092+00,12.38,918.27,1.21,0,0,0,false
629,2025-12-10 15:18:55.147509+00,11.7,917.89,1.21,0,0,0,false
630,2025-12-10 15:18:56.219554+00,11.18,917.57,1.21,0,0,0,false
631,2025-12-10 15:18:57.324127+00,12.9,917.24,1.21,0,0,0,false
632,2025-12-10 15:18:58.34924+00,12.45,918.48,1.21,0,0,0,false
633,2025-12-10 15:18:59.406188+00,11.98,916.05,1.21,0,0,0,false
634,2025-12-10 15:19:01.14677+00,12.81,916.31,1.21,0,0,0,false
635,2025-12-10 15:19:01.541694+00,11.25,913.93,1.21,0,0,0,false
636,2025-12-10 15:19:02.616804+00,11.23,913.71,1.21,0,0,0,false
637,2025-12-10 15:19:03.671227+00,12.82,914.31,1.21,0,0,0,false
638,2025-12-10 15:19:05.108569+00,12.66,913.22,1.21,0,0,0,false
639,2025-12-10 15:19:05.801283+00,12.31,913.81,1.21,0,0,0,false
640,2025-12-10 15:19:06.878818+00,12.03,911.66,1.21,0,0,0,false
641,2025-12-10 15:19:07.924483+00,11.86,910.87,1.21,0,0,0,false
642,2025-12-10 15:19:08.989076+00,13.07,910.32,1.21,0,0,0,false
643,2025-12-10 15:19:11.608798+00,12.69,907.51,1.21,0,0,0,false
644,2025-12-10 15:19:11.683551+00,12.05,907.98,1.21,0,0,0,false
645,2025-12-10 15:19:12.19222+00,12.09,906.71,1.21,0,0,0,false
646,2025-12-10 15:19:13.269056+00,13.06,906.63,1.21,0,0,0,false
647,2025-12-10 15:19:14.334106+00,11.27,907.48,1.21,0,0,0,false
648,2025-12-10 15:19:15.407559+00,11.63,906.88,1.21,0,0,0,false
649,2025-12-10 15:19:16.452863+00,12.19,907.96,1.21,0,0,0,false
650,2025-12-10 15:19:17.512976+00,11.59,907.64,1.21,0,0,0,false
651,2025-12-10 15:19:32.020357+00,13.11,906.78,1.21,0,0,0,false
652,2025-12-10 15:19:32.091706+00,11.46,906.71,1.21,0,0,0,false
653,2025-12-10 15:19:32.161099+00,12.51,904.73,1.21,0,0,0,false
654,2025-12-10 15:19:32.25504+00,11.83,905.27,1.21,0,0,0,false
655,2025-12-10 15:19:32.355229+00,11.33,906.01,1.21,0,0,0,false
656,2025-12-10 15:19:32.433987+00,13,905.85,1.21,0,0,0,false
657,2025-12-10 15:19:32.565577+00,12.54,906.44,1.21,0,0,0,false
658,2025-12-10 15:19:32.629642+00,12.06,905.17,1.21,0,0,0,false
659,2025-12-10 15:19:32.692633+00,13.03,905.62,1.21,0,0,0,false
660,2025-12-10 15:19:32.761907+00,12.96,904.97,1.21,0,0,0,false
661,2025-12-10 15:19:32.830945+00,12.61,903.89,1.21,0,0,0,false
662,2025-12-10 15:19:32.891864+00,12.03,906.25,1.21,0,0,0,false
663,2025-12-10 15:19:32.954996+00,13.25,907.7,1.22,0,0,0,false
664,2025-12-10 15:19:33.018823+00,12.97,909.24,1.22,0,0,0,false
665,2025-12-10 15:19:33.490426+00,12.58,907.25,1.22,0,0,0,false
666,2025-12-10 15:19:34.578709+00,13.04,904.14,1.21,0,0,0,false
667,2025-12-10 15:19:35.629282+00,13.01,901.39,1.21,0,0,0,false
668,2025-12-10 15:19:36.678068+00,12.59,900.19,1.21,0,0,0,false
669,2025-12-10 15:19:37.752167+00,12.91,900.06,1.21,0,0,0,false
670,2025-12-10 15:19:38.901432+00,11.93,897.6,1.21,0,0,0,false
671,2025-12-10 15:19:39.88495+00,12.96,896.89,1.21,0,0,0,false
672,2025-12-10 15:19:40.954512+00,12.84,895.27,1.2,0,0,0,false
673,2025-12-10 15:19:42.025838+00,11.9,891.81,1.2,0,0,0,false
674,2025-12-10 15:19:43.074596+00,11.42,891.86,1.2,0,0,0,false
675,2025-12-10 15:19:44.143253+00,12.55,891.18,1.2,0,0,0,false
676,2025-12-10 15:19:45.200135+00,11.46,891.43,1.2,0,0,0,false
677,2025-12-10 15:19:46.261257+00,11.94,891.35,1.2,0,0,0,false
678,2025-12-10 15:19:47.332952+00,12.87,889.7,1.2,0,0,0,false
679,2025-12-10 15:19:48.738403+00,13.02,889.56,1.2,0,0,0,false
680,2025-12-10 15:19:49.470111+00,12.07,889.31,1.2,0,0,0,false
681,2025-12-10 15:19:50.562525+00,11.93,888.25,1.2,0,0,0,false
682,2025-12-10 15:19:51.591606+00,12.07,889.01,1.2,0,0,0,false
683,2025-12-10 15:19:53.578762+00,12.99,888.02,1.2,0,0,0,false
684,2025-12-10 15:19:53.964599+00,12.9,887.7,1.2,0,0,0,false
685,2025-12-10 15:19:54.786239+00,12.65,887.28,1.2,0,0,0,false
686,2025-12-10 15:19:57.124112+00,13.06,886.4,1.2,0,0,0,false
687,2025-12-10 15:19:57.188975+00,12.63,885.69,1.2,0,0,0,false
688,2025-12-10 15:19:58.059502+00,11.44,883.97,1.2,0,0,0,false
689,2025-12-10 15:19:59.102826+00,11.67,884.7,1.2,0,0,0,false
690,2025-12-10 15:20:00.116776+00,13.26,885.08,1.2,0,0,0,false
691,2025-12-10 15:20:02.087328+00,12.79,884.4,1.2,0,0,0,false
692,2025-12-10 15:20:02.448662+00,12.99,885.3,1.2,0,0,0,false
693,2025-12-10 15:20:03.309112+00,12.83,883.55,1.2,0,0,0,false
694,2025-12-10 15:20:04.374833+00,13,884.15,1.2,0,0,0,false
695,2025-12-10 15:20:05.829314+00,11.37,883.72,1.2,0,0,0,false
696,2025-12-10 15:20:06.537377+00,12.79,882.95,1.2,0,0,0,false
697,2025-12-10 15:20:07.634621+00,13.14,883.27,1.2,0,0,0,false
698,2025-12-10 15:20:08.638499+00,12.78,879.94,1.2,0,0,0,false
699,2025-12-10 15:20:09.703632+00,12.93,880.49,1.2,0,0,0,false
700,2025-12-10 15:20:10.75984+00,13.2,880.25,1.2,0,0,0,false
701,2025-12-10 15:20:11.994518+00,12.59,879.72,1.2,0,0,0,false
702,2025-12-10 15:20:12.900662+00,11.89,879.54,1.2,0,0,0,false
703,2025-12-10 15:20:13.988375+00,11.76,877.25,1.2,0,0,0,false
704,2025-12-10 15:20:15.041733+00,13.06,875.01,1.2,0,0,0,false
705,2025-12-10 15:20:16.11158+00,12.73,873.11,1.2,0,0,0,false
706,2025-12-10 15:20:17.254361+00,11.59,871.18,1.19,0,0,0,false
707,2025-12-10 15:20:58.866492+00,11.12,862.73,1.2,0,0,0,false
708,2025-12-10 15:20:59.890525+00,11.68,861.41,1.2,0,0,0,false
709,2025-12-10 15:21:00.957229+00,12.29,862.66,1.2,0,0,0,false
710,2025-12-10 15:21:02.037675+00,12.75,868.51,1.2,0,0,0,false
711,2025-12-10 15:21:03.867388+00,12.11,871.96,1.2,0,0,0,false
712,2025-12-10 15:21:04.159328+00,11.67,877.83,1.21,0,0,0,false
713,2025-12-10 15:21:05.227008+00,13.28,876.06,1.2,0,0,0,false
714,2025-12-10 15:21:06.299249+00,12.83,872.25,1.2,0,0,0,false
715,2025-12-10 15:21:07.350845+00,12.72,868.09,1.19,0,0,0,false
716,2025-12-10 15:21:08.416968+00,12.45,864.05,1.19,0,0,0,false
717,2025-12-10 15:21:09.486477+00,11.62,864.66,1.2,0,0,0,false
718,2025-12-10 15:21:10.551381+00,13.26,862.89,1.2,0,0,0,false
719,2025-12-10 15:21:11.620599+00,11.8,863.05,1.2,0,0,0,false
720,2025-12-10 15:21:12.675395+00,12.69,862.93,1.19,0,0,0,false
721,2025-12-10 15:21:13.746421+00,13,861.51,1.2,0,0,0,false
722,2025-12-10 15:22:07.427914+00,12.04,836.12,1.19,0,0,0,false
723,2025-12-10 15:22:07.770597+00,12.55,836.14,1.19,0,0,0,false
724,2025-12-10 15:22:08.592373+00,11.99,833.69,1.18,0,0,0,false
725,2025-12-10 15:22:09.360853+00,11.24,830.79,1.18,0,0,0,false
726,2025-12-10 15:22:11.355443+00,12.87,828.28,1.18,0,0,0,false
727,2025-12-10 15:22:11.441847+00,12.01,826.07,1.18,0,0,0,false
728,2025-12-10 15:22:12.417731+00,13.22,826.69,1.18,0,0,0,false
729,2025-12-10 15:22:14.497925+00,12.66,828.46,1.18,0,0,0,false
730,2025-12-10 15:22:14.579389+00,11.57,830.95,1.19,0,0,0,false
731,2025-12-10 15:22:15.5985+00,11.56,832.36,1.19,0,0,0,false
732,2025-12-10 15:22:16.710719+00,12.42,831.19,1.19,0,0,0,false
733,2025-12-10 15:22:17.731099+00,11.29,829.08,1.19,0,0,0,false
734,2025-12-10 15:22:18.849986+00,12.76,828.66,1.18,0,0,0,false
735,2025-12-10 15:22:19.869858+00,13.15,828.76,1.18,0,0,0,false
736,2025-12-10 15:22:20.923692+00,12.34,828.72,1.18,0,0,0,false
737,2025-12-10 15:22:23.337042+00,13.01,828.74,1.18,0,0,0,false
738,2025-12-10 15:22:23.411827+00,11.82,828.68,1.18,0,0,0,false
739,2025-12-10 15:22:24.124323+00,13.23,828.21,1.18,0,0,0,false
740,2025-12-10 15:22:25.601881+00,12.17,827.18,1.18,0,0,0,false
741,2025-12-10 15:22:26.316223+00,13.33,825.04,1.18,0,0,0,false
742,2025-12-10 15:22:27.351072+00,12.06,824.3,1.18,0,0,0,false
743,2025-12-10 15:22:29.170558+00,13.34,823.14,1.18,0,0,0,false
744,2025-12-10 15:22:31.223707+00,12.58,825.73,1.18,0,0,0,false
745,2025-12-10 15:22:31.302484+00,13.29,826.44,1.18,0,0,0,false
746,2025-12-10 15:22:32.754329+00,12.58,829.33,1.19,0,0,0,false
747,2025-12-10 15:22:32.827243+00,13.43,829.4,1.18,0,0,0,false
748,2025-12-10 15:22:33.712508+00,12.85,827.01,1.18,0,0,0,false
749,2025-12-10 15:22:36.238021+00,13.26,828.15,1.19,0,0,0,false
750,2025-12-10 15:22:36.338852+00,11.92,829.68,1.19,0,0,0,false
751,2025-12-10 15:22:37.246976+00,11.23,830.14,1.19,0,0,0,false
752,2025-12-10 15:22:38.666248+00,12.99,832.92,1.2,0,0,0,false
753,2025-12-10 15:22:39.638313+00,11.17,830.59,1.2,0,0,0,false
754,2025-12-10 15:22:40.110763+00,12.79,830.76,1.2,0,0,0,false
755,2025-12-10 15:22:42.806083+00,11.35,827.86,1.19,0,0,0,false
756,2025-12-10 15:22:42.918396+00,12.61,827.2,1.19,0,0,0,false
757,2025-12-10 15:22:43.300802+00,11.49,824.91,1.18,0,0,0,false
758,2025-12-10 15:22:44.377818+00,12.2,822.38,1.18,0,0,0,false
759,2025-12-10 15:22:45.448986+00,11.87,822.28,1.19,0,0,0,false
760,2025-12-10 15:22:46.529668+00,11.5,821.88,1.19,0,0,0,false
761,2025-12-10 15:22:47.567331+00,12.51,820.55,1.19,0,0,0,false
762,2025-12-10 15:22:48.63269+00,13.16,820.79,1.18,0,0,0,false
763,2025-12-10 15:22:49.695281+00,12.29,818.12,1.18,0,0,0,false
764,2025-12-10 15:22:55.86072+00,11.53,819.41,1.18,0,0,0,false
765,2025-12-10 15:22:55.941101+00,12.25,818.87,1.18,0,0,0,false
766,2025-12-10 15:22:56.026995+00,13.2,819.89,1.19,0,0,0,false
767,2025-12-10 15:22:56.099616+00,12.8,819.42,1.19,0,0,0,false
768,2025-12-10 15:22:56.180564+00,11.33,819.6,1.18,0,0,0,false
769,2025-12-10 15:22:56.264276+00,12.65,821.13,1.19,0,0,0,false
770,2025-12-10 15:22:58.770319+00,11.41,820.68,1.18,0,0,0,false
771,2025-12-10 15:22:58.847127+00,12.63,820.61,1.19,0,0,0,false
772,2025-12-10 15:22:59.977157+00,13.21,818.35,1.18,0,0,0,false
773,2025-12-10 15:23:00.348882+00,11.91,817.73,1.18,0,0,0,false
774,2025-12-10 15:23:01.415564+00,13.19,815.86,1.18,0,0,0,false
775,2025-12-10 15:23:02.485045+00,11.72,815.41,1.18,0,0,0,false
776,2025-12-10 15:23:05.348385+00,11.8,815.93,1.18,0,0,0,false
777,2025-12-10 15:23:05.418423+00,12.91,817.06,1.18,0,0,0,false
778,2025-12-10 15:23:05.687165+00,13.22,817.07,1.18,0,0,0,false
779,2025-12-10 15:23:06.759311+00,11.49,818.82,1.18,0,0,0,false
780,2025-12-10 15:23:07.806252+00,13,815.79,1.18,0,0,0,false
781,2025-12-10 15:23:09.728187+00,11.31,816.21,1.18,0,0,0,false
782,2025-12-10 15:23:10.073886+00,12.46,813.25,1.18,0,0,0,false
783,2025-12-10 15:23:12.692812+00,11.32,810.96,1.18,0,0,0,false
784,2025-12-10 15:23:12.764361+00,11.89,811.86,1.18,0,0,0,false
785,2025-12-10 15:23:13.132278+00,12.44,812.22,1.18,0,0,0,false
786,2025-12-10 15:23:14.197689+00,11.13,814,1.18,0,0,0,false
787,2025-12-10 15:23:15.271658+00,12.16,814.16,1.18,0,0,0,false
788,2025-12-10 15:23:17.192146+00,11.11,814.71,1.18,0,0,0,false
789,2025-12-10 15:23:17.600492+00,12.83,818.01,1.19,0,0,0,false
790,2025-12-10 15:23:18.461258+00,13.32,817.59,1.19,0,0,0,false
791,2025-12-10 15:23:19.525764+00,12.13,816.63,1.19,0,0,0,false
792,2025-12-10 15:23:21.726151+00,12.71,814.18,1.18,0,0,0,false
793,2025-12-10 15:23:21.812782+00,11.41,812.75,1.18,0,0,0,false
794,2025-12-10 15:23:22.780974+00,12.76,812.12,1.18,0,0,0,false
795,2025-12-10 15:23:23.850915+00,12.32,810.17,1.18,0,0,0,false
796,2025-12-10 15:23:24.933764+00,11.96,810.04,1.18,0,0,0,false
797,2025-12-10 15:23:27.817859+00,11.24,809.23,1.18,0,0,0,false
798,2025-12-10 15:23:27.896175+00,12.68,808.91,1.18,0,0,0,false
799,2025-12-10 15:23:28.227149+00,11.5,810.05,1.18,0,0,0,false
800,2025-12-10 15:23:30.780451+00,11.76,808.32,1.18,0,0,0,false
801,2025-12-10 15:23:30.84922+00,12.13,808.33,1.18,0,0,0,false
802,2025-12-10 15:23:31.302809+00,13.28,807.94,1.18,0,0,0,false
803,2025-12-10 15:23:32.383695+00,11.7,808.2,1.18,0,0,0,false
804,2025-12-10 15:23:33.442773+00,12.43,808.77,1.18,0,0,0,false
805,2025-12-10 15:23:34.868833+00,11.5,807.28,1.18,0,0,0,false
806,2025-12-10 15:23:35.506698+00,13.11,806.52,1.18,0,0,0,false
807,2025-12-10 15:23:36.579259+00,11.88,805.69,1.18,0,0,0,false
808,2025-12-10 15:23:37.640855+00,11.48,805.08,1.18,0,0,0,false
809,2025-12-10 15:23:38.749183+00,12.75,806.69,1.18,0,0,0,false
810,2025-12-10 15:23:40.406112+00,13.31,807.8,1.18,0,0,0,false
811,2025-12-10 15:23:40.831299+00,12.14,808.08,1.19,0,0,0,false
812,2025-12-10 15:23:41.914966+00,13.56,805.95,1.18,0,0,0,false
813,2025-12-10 15:23:43.592039+00,12.87,805.53,1.18,0,0,0,false
814,2025-12-10 15:23:44.041453+00,13.37,804.43,1.18,0,0,0,false
815,2025-12-10 15:23:45.095537+00,13.12,803.88,1.18,0,0,0,false
816,2025-12-10 15:23:46.172656+00,12.03,804.66,1.18,0,0,0,false
817,2025-12-10 15:23:47.264636+00,12.81,803.39,1.18,0,0,0,false
818,2025-12-10 15:23:48.301803+00,12.64,801.97,1.18,0,0,0,false
819,2025-12-10 15:23:49.369394+00,11.94,800.97,1.18,0,0,0,false
820,2025-12-10 15:23:50.432182+00,11.48,800.41,1.18,0,0,0,false
821,2025-12-10 15:23:51.849204+00,12.29,801.78,1.18,0,0,0,false
822,2025-12-10 15:23:52.593181+00,12,800.5,1.18,0,0,0,false
823,2025-12-10 15:23:53.641393+00,11.76,801.65,1.18,0,0,0,false
824,2025-12-10 15:23:54.712277+00,13.47,801.3,1.18,0,0,0,false
825,2025-12-10 15:23:55.778535+00,13.5,800.74,1.18,0,0,0,false
826,2025-12-10 15:23:56.833462+00,11.6,800.86,1.17,0,0,0,false
827,2025-12-10 15:23:57.902274+00,11.47,799.58,1.17,0,0,0,false
828,2025-12-10 15:23:59.026198+00,11.56,799.13,1.18,0,0,0,false
829,2025-12-10 15:24:00.031698+00,13.33,797.72,1.17,0,0,0,false
830,2025-12-10 15:24:01.097513+00,12.36,795.74,1.17,0,0,0,false
831,2025-12-10 15:24:02.209748+00,11.32,795.16,1.17,0,0,0,false
832,2025-12-10 15:24:03.225675+00,12.84,794.9,1.17,0,0,0,false
833,2025-12-10 15:24:04.338188+00,13.25,796.16,1.17,0,0,0,false
834,2025-12-10 15:24:05.400731+00,13.08,795.68,1.17,0,0,0,false
835,2025-12-10 15:24:06.430249+00,12.78,797.22,1.18,0,0,0,false
836,2025-12-10 15:24:07.49108+00,13.63,798,1.19,0,0,0,false
837,2025-12-10 15:24:10.235918+00,13.32,799.31,1.19,0,0,0,false
838,2025-12-10 15:24:10.316927+00,11.99,801.01,1.19,0,0,0,false
839,2025-12-10 15:24:10.690316+00,12.72,800.38,1.19,0,0,0,false
840,2025-12-10 15:24:11.751468+00,12.4,800.93,1.19,0,0,0,false
841,2025-12-10 15:24:12.842371+00,12.96,799.38,1.19,0,0,0,false
842,2025-12-10 15:24:53.643271+00,11.6,785.35,1.18,0,0,0,false
843,2025-12-10 15:24:53.7916+00,11.51,787.34,1.19,0,0,0,false
844,2025-12-10 15:24:54.418718+00,13.05,785.37,1.19,0,0,0,false
845,2025-12-10 15:24:55.403859+00,12.68,785.54,1.19,0,0,0,false
846,2025-12-10 15:24:56.473688+00,12.64,783.36,1.18,0,0,0,false
847,2025-12-10 15:25:02.697202+00,12.93,782.63,1.18,0,0,0,false
848,2025-12-10 15:25:02.772273+00,12.51,783.57,1.18,0,0,0,false
849,2025-12-10 15:25:02.848968+00,11.85,782.91,1.18,0,0,0,false
850,2025-12-10 15:25:02.92453+00,12.06,783.25,1.18,0,0,0,false
851,2025-12-10 15:25:03.00879+00,13,782.93,1.18,0,0,0,false
852,2025-12-10 15:25:03.082774+00,12.75,781.73,1.18,0,0,0,false
853,2025-12-10 15:25:03.928133+00,12.02,779.89,1.18,0,0,0,false
854,2025-12-10 15:25:05.011463+00,10.91,780.53,1.18,0,0,0,false
855,2025-12-10 15:25:07.19422+00,12.83,783.5,1.19,0,0,0,false
856,2025-12-10 15:25:07.268077+00,13.24,788.57,1.19,0,0,0,false
857,2025-12-10 15:25:08.185201+00,13.22,788.25,1.19,0,0,0,false
858,2025-12-10 15:25:09.271122+00,12.26,785.23,1.19,0,0,0,false
859,2025-12-10 15:25:10.321822+00,11.98,783.18,1.18,0,0,0,false
860,2025-12-10 15:25:11.418011+00,12.81,781.07,1.18,0,0,0,false
861,2025-12-10 15:25:12.446983+00,11.67,780.2,1.18,0,0,0,false
862,2025-12-10 15:25:13.527032+00,12.64,780.23,1.18,0,0,0,false
863,2025-12-10 15:25:14.579237+00,12.91,778.72,1.18,0,0,0,false
864,2025-12-10 15:25:15.656567+00,12.95,779.92,1.18,0,0,0,false
865,2025-12-10 15:25:17.639467+00,11.98,779.76,1.18,0,0,0,false
866,2025-12-10 15:25:17.978526+00,12.06,779.02,1.17,0,0,0,false
867,2025-12-10 15:25:18.839251+00,11.1,778.68,1.18,0,0,0,false
868,2025-12-10 15:25:20.252392+00,12.73,775.98,1.18,0,0,0,false
869,2025-12-10 15:25:20.970634+00,12.15,775.39,1.17,0,0,0,false
870,2025-12-10 15:25:22.088724+00,10.92,776.04,1.18,0,0,0,false
871,2025-12-10 15:25:23.770748+00,12.45,774.89,1.17,0,0,0,false
872,2025-12-10 15:25:24.193599+00,13.01,776.49,1.18,0,0,0,false
873,2025-12-10 15:25:25.248034+00,12.5,774.82,1.17,0,0,0,false
874,2025-12-10 15:25:26.310726+00,12.75,775.11,1.17,0,0,0,false
875,2025-12-10 15:25:27.38438+00,12.65,775.69,1.17,0,0,0,false
876,2025-12-10 15:25:28.446794+00,12.42,773.94,1.17,0,0,0,false
877,2025-12-10 15:25:29.513762+00,12.78,774.2,1.18,0,0,0,false
878,2025-12-10 15:25:30.575715+00,11.71,773.16,1.17,0,0,0,false
879,2025-12-10 15:25:31.640403+00,12.34,771.76,1.18,0,0,0,false
880,2025-12-10 15:25:32.713097+00,12.4,770,1.17,0,0,0,false
881,2025-12-10 15:25:33.770998+00,11.38,769.77,1.17,0,0,0,false
882,2025-12-10 15:25:34.841502+00,12.62,771.66,1.17,0,0,0,false
883,2025-12-10 15:25:35.910375+00,12.76,771.28,1.17,0,0,0,false
884,2025-12-10 15:25:37.408324+00,11.24,774.95,1.18,0,0,0,false
885,2025-12-10 15:25:39.673167+00,11.35,778.33,1.19,0,0,0,false
886,2025-12-10 15:25:39.74192+00,12.91,782.34,1.19,0,0,0,false
887,2025-12-10 15:25:40.173182+00,12.69,781.09,1.18,0,0,0,false
888,2025-12-10 15:25:41.291223+00,12.44,778.63,1.18,0,0,0,false
889,2025-12-10 15:25:42.317385+00,11.89,775.07,1.17,0,0,0,false
890,2025-12-10 15:25:44.612326+00,11.91,772.21,1.17,0,0,0,false
891,2025-12-10 15:25:44.682036+00,12.25,771.5,1.17,0,0,0,false
892,2025-12-10 15:25:45.514954+00,11.37,770.53,1.17,0,0,0,false
893,2025-12-10 15:25:46.575089+00,10.91,769.82,1.17,0,0,0,false
894,2025-12-10 15:25:48.619183+00,12.69,769.55,1.17,0,0,0,false
895,2025-12-10 15:25:48.981731+00,11.36,768.2,1.17,0,0,0,false
896,2025-12-10 15:25:49.768181+00,12.96,767.21,1.17,0,0,0,false
897,2025-12-10 15:25:51.619392+00,11.35,764.5,1.17,0,0,0,false
898,2025-12-10 15:25:53.178378+00,11.87,764.74,1.17,0,0,0,false
899,2025-12-10 15:25:53.258293+00,13,767.3,1.18,0,0,0,false
900,2025-12-10 15:25:54.450209+00,12.96,767.44,1.18,0,0,0,false
901,2025-12-10 15:25:55.104997+00,11.68,768.64,1.18,0,0,0,false
902,2025-12-10 15:25:56.167488+00,12.67,766.14,1.17,0,0,0,false
903,2025-12-10 15:25:57.233039+00,12.69,766.93,1.17,0,0,0,false
904,2025-12-10 15:25:59.122305+00,12.26,770.06,1.18,0,0,0,false
905,2025-12-10 15:25:59.460281+00,12.36,770.16,1.18,0,0,0,false
906,2025-12-10 15:26:00.444327+00,12.03,772.32,1.18,0,0,0,false
907,2025-12-10 15:26:01.499666+00,11.52,773.27,1.18,0,0,0,false
908,2025-12-10 15:26:02.565702+00,11.22,773.98,1.17,0,0,0,false
909,2025-12-10 15:26:03.635801+00,12.87,775.06,1.17,0,0,0,false
910,2025-12-10 15:26:04.695873+00,12.3,774.5,1.17,0,0,0,false
911,2025-12-10 15:26:05.765381+00,12.77,775.47,1.18,0,0,0,false
912,2025-12-10 15:26:07.6273+00,12.3,774.31,1.17,0,0,0,false
913,2025-12-10 15:26:07.971286+00,11.76,774.2,1.18,0,0,0,false
914,2025-12-10 15:26:15.684167+00,11.29,773.01,1.18,0,0,0,false
915,2025-12-10 15:26:15.796245+00,12.94,772.02,1.18,0,0,0,false
916,2025-12-10 15:26:15.871663+00,12.82,771.83,1.18,0,0,0,false
917,2025-12-10 15:26:15.9496+00,12.39,767.96,1.17,0,0,0,false
918,2025-12-10 15:26:16.027159+00,12.75,768.37,1.17,0,0,0,false
919,2025-12-10 15:26:16.100329+00,11.31,766.58,1.17,0,0,0,false
920,2025-12-10 15:26:16.17671+00,11.94,766.59,1.17,0,0,0,false
921,2025-12-10 15:26:16.443088+00,11.95,766.59,1.17,0,0,0,false
922,2025-12-10 15:26:17.503513+00,12.52,765.39,1.17,0,0,0,false
923,2025-12-10 15:26:18.566222+00,11.24,764.79,1.17,0,0,0,false
924,2025-12-10 15:26:19.644167+00,12.63,764.04,1.17,0,0,0,false
925,2025-12-10 15:26:20.70863+00,11.46,763.17,1.17,0,0,0,false
926,2025-12-10 15:26:21.770027+00,11.24,762.11,1.17,0,0,0,false
927,2025-12-10 15:26:22.837841+00,12.01,760.93,1.17,0,0,0,false
928,2025-12-10 15:26:23.906462+00,12.12,761.47,1.17,0,0,0,false
929,2025-12-10 15:26:24.971929+00,12.14,758.87,1.17,0,0,0,false
930,2025-12-10 15:26:26.035535+00,12.56,758.85,1.17,0,0,0,false
931,2025-12-10 15:26:27.103164+00,11.12,758.48,1.18,0,0,0,false
932,2025-12-10 15:26:28.185983+00,12.71,759.34,1.18,0,0,0,false
933,2025-12-10 15:26:29.236012+00,11.73,759.21,1.18,0,0,0,false